"FirstName","Surname","PositionsList","Team","Cost","PointsLastRound","TotalPoints","TransfersOut","YellowCards","GoalsConceded","GoalsConcededPoints","GoalsScored","GoalsScoredPoints","TransfersOutRound","PriceRise","PriceFallRound","LastSeasonPoints","PriceFall","PenaltiesMissed","Form","Bonus","CleanSheets","CleanSheetPoints","Assists","SelectedByPercent","TransfersIn","OwnGoals","MinutesPlayed","TransfersInRound","PriceRiseRound","RedCards","Week","Season"
"Sergio","Aguero","FWD","MCI",11500000,0,169,4192169,2,12,0,21,0,0,0,0,169,0,0,0,22,13,0,6,10.7,4137173,0,1960,0,0,0,"37",2017
"Nathan","Ake","DEF","BOU",5e+06,2,102,550652,5,59,0,2,0,0,0,0,102,0,0,0,8,6,0,3,6.1,473457,0,3352,0,0,0,"37",2017
"Marc","Albrighton","MID","LEI",5500000,0,107,469984,5,42,0,2,0,0,0,0,107,0,0,0,12,8,0,8,2.2,480100,0,2533,0,0,1,"37",2017
"Joe","Allen","MID","STK",5100000,1,109,260198,8,55,0,2,0,0,-4,0,109,4,0,0,12,6,0,6,1.7,132625,0,3139,0,0,0,"37",2017
"Bamidele","Alli","MID","TOT",9e+06,1,175,2312061,7,28,0,9,0,0,-5,0,175,5,0,0,12,16,0,13,13.8,1310914,0,2957,0,0,0,"37",2017
"Marcos","Alonso","DEF","CHE",7100000,0,165,1821079,6,30,0,7,0,0,1,0,165,-1,0,0,15,13,0,2,16.2,1720420,0,2855,0,0,0,"37",2017
"Marko","Arnautovic","MID","WHU",7100000,12,144,1122460,5,50,0,11,0,0,1,0,144,-1,0,0,12,7,0,7,7.6,1535109,0,2309,0,0,1,"37",2017
"Cesar","Azpilicueta","DEF","CHE",6900000,1,175,1138791,1,38,0,2,0,0,4,0,175,-4,0,0,25,15,0,6,21,1565365,1,3330,0,0,0,"37",2017
"Hector","Bellerin","DEF","ARS",5900000,6,132,960552,5,44,0,2,0,0,-1,0,132,1,0,0,11,12,0,4,10.3,748052,0,3050,0,0,0,"37",2017
NA,"Bernardo Silva","MID","MCI",7200000,3,112,224703,0,10,0,6,0,0,-8,0,112,8,0,0,8,9,0,5,1.4,188040,0,1514,0,0,0,"37",2017
"Ryan","Bertrand","DEF","SOU",5300000,6,103,812081,2,49,0,0,0,0,-2,0,103,2,0,0,4,8,0,5,5.2,327658,0,3135,0,0,0,"37",2017
"Eric Maxim","Choupo-Moting","MID","STK",5200000,0,107,805583,3,45,0,5,0,0,-3,0,107,3,0,0,9,5,0,5,1.9,847130,0,2241,0,0,0,"37",2017
"Philippe","Coutinho","MID","LIV",9100000,0,103,1731180,0,14,0,7,0,0,1,0,103,-1,0,0,15,5,0,7,3,1531129,0,1109,0,0,0,"37",2017
"Aaron","Cresswell","DEF","WHU",4900000,2,118,320817,7,60,0,1,0,0,-1,0,118,1,0,0,10,10,0,7,3.2,502197,0,3069,0,0,0,"37",2017
NA,"David Silva","MID","MCI",8200000,0,169,2594234,5,18,0,9,0,0,2,0,169,-2,0,0,26,14,0,11,11.5,2818085,0,2431,0,0,0,"37",2017
"Ben","Davies","DEF","TOT",5800000,0,143,1984637,3,20,0,2,0,0,3,0,143,-3,0,0,14,12,0,7,21.9,2774181,0,2323,0,0,0,"37",2017
"Kevin","De Bruyne","MID","MCI",10300000,6,209,2488550,2,22,0,8,0,0,3,0,209,-3,0,0,25,19,0,18,21.4,2110213,0,3073,0,0,0,"37",2017
"Abdoulaye","Doucoure","MID","WAT",5200000,2,136,1690548,10,63,0,7,0,0,2,0,136,-2,0,0,16,9,0,4,11,2158021,0,3324,0,0,0,"37",2017
"Christian","Eriksen","MID","TOT",9700000,2,199,2307725,0,33,0,11,0,0,2,0,199,-2,0,0,23,17,0,10,19.4,2542509,0,3218,0,0,0,"37",2017
NA,"Fernandinho","MID","MCI",5e+06,3,120,761299,7,24,0,5,0,0,0,0,120,0,0,0,9,15,0,4,4.6,855827,0,2880,0,0,0,"37",2017
"Roberto","Firmino","FWD","LIV",9500000,2,181,3869077,1,32,0,15,0,0,10,0,181,-10,0,0,29,16,0,8,36.1,4655247,0,2760,0,0,0,"37",2017
"Pascal","Gro?","MID","BHA",5900000,1,164,1831783,2,46,0,7,0,0,4,0,164,-4,0,0,24,10,0,8,15.4,2556990,0,2928,0,0,0,"37",2017
"Johann Berg","Gudmundsson","MID","BUR",5e+06,2,117,160499,2,33,0,2,0,0,0,0,117,0,0,0,7,10,0,9,1.9,259431,0,2831,0,0,0,"37",2017
"Eden","Hazard","MID","CHE",10500000,2,173,1380932,2,27,0,12,0,0,0,0,173,0,0,0,24,12,0,6,6.4,1573075,0,2417,0,0,0,"37",2017
"Ahmed El-Sayed","Hegazi","DEF","WBA",4600000,1,114,1583760,4,55,0,2,0,0,1,0,114,-1,0,0,11,10,0,0,17.8,1995878,0,3386,0,0,0,"37",2017
NA,"Izquierdo","MID","BHA",5900000,0,101,28326,2,32,0,5,0,0,-1,0,101,1,0,0,4,5,0,5,0.3,42611,0,1976,0,0,0,"37",2017
NA,"Jesus","FWD","MCI",10400000,5,126,2552640,6,12,0,13,0,0,-1,0,126,1,2,0,18,9,0,7,17.1,2872644,0,1660,0,0,0,"37",2017
"Phil","Jones","DEF","MUN",5500000,0,116,1962341,2,11,0,0,0,0,5,0,116,-5,0,0,19,15,0,0,5.2,2083445,1,1973,0,0,0,"37",2017
NA,"Jordan Ayew","FWD","SWA",5400000,2,108,1152190,2,49,0,7,0,0,4,0,108,-4,0,0,12,7,0,2,9.5,1535368,0,2850,0,0,1,"37",2017
"Harry","Kane","FWD","TOT",13100000,12,217,5113596,5,34,0,29,0,0,6,0,217,-6,1,0,31,15,0,2,37.7,5323924,0,3074,0,0,0,"37",2017
"N'Golo","Kante","MID","CHE",4900000,2,101,1210394,3,32,0,1,0,0,-1,0,101,1,0,0,9,16,0,2,11.7,823596,0,2994,0,0,0,"37",2017
"Joshua","King","FWD","BOU",7e+06,7,110,386325,3,38,0,8,0,0,-5,0,110,5,0,0,10,7,0,4,1.9,185282,0,2450,0,0,0,"37",2017
"Sead","Kolasinac","DEF","ARS",5800000,6,108,1171952,3,30,0,2,0,0,-2,0,108,2,0,0,6,10,0,4,6.1,833275,0,2146,0,0,0,"37",2017
"Alexandre","Lacazette","FWD","ARS",10300000,2,138,1826713,1,28,0,14,0,0,-2,0,138,2,0,0,11,10,0,5,7.6,1367817,0,2197,0,0,0,"37",2017
"Manuel","Lanzini","MID","WHU",6600000,15,106,245822,4,44,0,5,0,0,-4,0,106,4,1,0,11,6,0,7,0.8,245376,0,2039,0,0,0,"37",2017
"Jamaal","Lascelles","DEF","NEW",4900000,6,116,867091,5,31,0,3,0,0,4,0,116,-4,0,0,9,9,0,0,9.5,1286927,0,2927,0,0,0,"37",2017
"Jesse","Lingard","MID","MUN",6e+06,0,128,1396523,2,18,0,8,0,0,0,0,128,0,0,0,10,9,0,6,10.3,1935041,0,1807,0,0,0,"37",2017
"Dejan","Lovren","DEF","LIV",5300000,13,110,163452,4,24,0,2,0,0,-2,0,110,2,0,0,10,11,0,1,1.5,136449,0,2124,0,0,0,"37",2017
"Romelu","Lukaku","FWD","MUN",11500000,0,162,4269817,4,26,0,16,0,0,0,0,162,0,1,0,18,14,0,7,21.9,2809880,0,2866,0,0,0,"37",2017
"Harry","Maguire","DEF","LEI",5500000,0,117,934687,7,60,0,2,0,0,5,0,117,-5,0,0,10,9,0,4,10.9,1381619,0,3420,0,0,0,"37",2017
"Riyad","Mahrez","MID","LEI",8700000,13,195,1780392,2,51,0,12,0,0,2,0,195,-2,0,0,19,9,0,13,8.2,2009779,0,2948,0,0,0,"37",2017
"Sadio","Mane","MID","LIV",9400000,3,147,2051325,3,24,0,10,0,0,-1,0,147,1,0,0,8,15,0,8,8.5,1290587,0,2189,0,0,1,"37",2017
"Anthony","Martial","MID","MUN",7800000,0,125,573802,1,13,0,9,0,0,-2,0,125,2,0,0,7,9,0,6,2.6,602260,0,1572,0,0,0,"37",2017
"Alfie","Mawson","DEF","SWA",5100000,1,112,225211,3,56,0,2,0,0,1,0,112,-1,0,0,7,9,0,1,4.1,388165,0,3420,0,0,0,"37",2017
"James","McArthur","MID","CRY",4400000,2,101,388652,5,35,0,5,0,0,-1,0,101,1,0,0,9,7,0,2,4.7,423066,0,2425,0,0,0,"37",2017
"Luka","Milivojevic","MID","CRY",5200000,3,144,437158,8,52,0,10,0,0,2,0,144,-2,1,0,21,8,0,2,13.5,1150971,0,3079,0,0,0,"37",2017
"Henrikh","Mkhitaryan","MID","ARS",7700000,3,107,2414977,2,17,0,3,0,0,-3,0,107,3,0,0,9,12,0,9,7.5,2270366,0,1712,0,0,0,"37",2017
"Nacho","Monreal","DEF","ARS",5700000,1,130,1476893,3,29,0,5,0,0,2,0,130,-2,0,0,15,10,0,2,8,1603695,0,2241,0,0,0,"37",2017
"Aaron","Mooy","MID","HUD",5200000,2,113,967635,4,52,0,4,0,0,-3,0,113,3,0,0,8,10,0,3,4.7,1033789,0,3066,0,0,0,"37",2017
"Alvaro","Morata","FWD","CHE",10400000,1,122,4029005,7,19,0,11,0,0,4,0,122,-4,0,0,13,11,0,6,7.6,3879625,0,2055,0,0,0,"37",2017
"Victor","Moses","DEF","CHE",6500000,1,131,179921,3,20,0,3,0,0,0,0,131,0,0,0,9,11,0,6,2.9,270612,0,2109,0,0,0,"37",2017
"Glenn","Murray","FWD","BHA",5900000,1,111,660546,9,36,0,12,0,0,-1,0,111,1,2,0,16,8,0,0,5.7,937743,0,2184,0,0,0,"37",2017
"Shkodran","Mustafi","DEF","ARS",5400000,9,109,492651,6,30,0,3,0,0,-1,0,109,1,0,0,13,10,0,1,4.2,593921,0,2272,0,0,0,"37",2017
"Kyle","Naughton","DEF","SWA",4600000,0,101,628757,1,50,0,0,0,0,1,0,101,-1,0,0,11,9,0,2,6.3,839489,1,3030,0,0,0,"37",2017
"Nicolas","Otamendi","DEF","MCI",6400000,0,156,1768551,9,25,0,4,0,0,9,0,156,-9,0,0,21,15,0,0,25.8,2808178,1,2966,0,0,0,"37",2017
"Mesut","Ozil","MID","ARS",9300000,0,112,408304,4,36,0,4,0,0,-2,0,112,2,0,0,11,8,0,9,2.1,358328,0,2161,0,0,0,"37",2017
"Ayoze","Perez","FWD","NEW",5500000,13,124,249099,3,28,0,8,0,0,0,0,124,0,0,0,15,8,0,6,6.5,546028,1,2486,0,0,0,"37",2017
"Paul","Pogba","MID","MUN",7900000,1,138,3021842,5,20,0,6,0,0,-1,0,138,1,0,0,15,11,0,13,14.7,2593672,0,2145,0,0,1,"37",2017
"Aaron","Ramsey","MID","ARS",6800000,6,130,1139322,0,25,0,7,0,0,-2,0,130,2,0,0,12,9,0,10,4.5,1257144,0,1844,0,0,0,"37",2017
"Marcus","Rashford","FWD","MUN",7300000,8,104,1229368,3,16,0,7,0,0,-2,0,104,2,0,0,11,10,0,5,7.6,1278245,0,1799,0,0,0,"37",2017
NA,"Richarlison","MID","WAT",5800000,2,125,1826805,4,54,0,5,0,0,-2,0,125,2,0,0,4,8,0,8,6.5,2078002,0,2817,0,0,0,"37",2017
"Matt","Ritchie","MID","NEW",5400000,3,116,527173,6,35,0,3,0,0,-6,0,116,6,0,0,10,9,0,7,2.3,464994,0,2802,0,0,0,"37",2017
"Andrew","Robertson","DEF","LIV",5e+06,18,111,439924,2,18,0,1,0,0,0,0,111,0,0,0,12,10,0,5,7.4,772308,0,1940,0,0,0,"37",2017
"Jay","Rodriguez","FWD","WBA",5400000,2,109,330210,2,41,0,7,0,0,-6,0,109,6,0,0,11,10,0,1,2.5,331312,0,2807,0,0,0,"37",2017
"Salomon","Rondon","FWD","WBA",6e+06,2,103,174262,4,48,0,7,0,0,-5,0,103,5,0,0,5,6,0,3,1.1,132766,0,2765,0,0,0,"37",2017
"Wayne","Rooney","FWD","EVE",7100000,0,113,2392029,5,33,0,10,0,0,-4,0,113,4,3,0,20,7,0,3,9.3,1941174,0,2265,0,0,0,"37",2017
"Antonio","Rudiger","DEF","CHE",5800000,0,115,315331,4,22,0,2,0,0,-2,0,115,2,0,0,8,12,0,1,3.3,340478,0,2336,0,0,0,"37",2017
"Mohamed","Salah","MID","LIV",10600000,11,303,2661454,1,29,0,32,0,0,16,0,303,-16,1,0,26,15,0,12,56.7,4223518,0,2905,0,0,0,"37",2017
"Alexis","Sanchez","MID","MUN",11400000,3,152,624183,5,32,0,9,0,0,-6,0,152,6,1,0,13,11,0,10,3,633531,0,2546,0,0,0,"37",2017
"Davinson","Sanchez","DEF","TOT",6e+06,1,107,85301,1,21,0,0,0,0,0,0,107,0,0,0,8,13,0,0,1.2,133888,1,2532,0,0,1,"37",2017
"Leroy","Sane","MID","MCI",8700000,3,179,2403141,4,22,0,10,0,0,2,0,179,-2,0,0,17,12,0,15,13.4,2843504,0,2415,0,0,0,"37",2017
"Christopher","Schindler","DEF","HUD",4600000,2,102,440034,6,53,0,0,0,0,1,0,102,-1,0,0,15,9,0,2,3.2,535633,0,3264,0,0,1,"37",2017
"Xherdan","Shaqiri","MID","STK",6100000,3,155,1377756,5,58,0,8,0,0,1,0,155,-1,1,0,19,6,0,9,8.6,1591278,0,3039,0,0,0,"37",2017
"Chris","Smalling","DEF","MUN",5700000,0,123,505562,4,24,0,4,0,0,2,0,123,-2,0,0,9,11,0,0,11.5,1051407,0,2535,0,0,0,"37",2017
"Heung-Min","Son","MID","TOT",8300000,1,178,1510651,0,18,0,12,0,0,3,0,178,-3,0,0,16,14,0,8,14,2291049,0,2292,0,0,0,"37",2017
"Raheem","Sterling","MID","MCI",9100000,3,229,2857415,3,23,0,18,0,0,11,0,229,-11,0,0,19,13,0,17,27.6,4096592,0,2584,0,0,1,"37",2017
"Dusan","Tadic","MID","SOU",6200000,2,122,343592,4,43,0,6,0,0,-3,0,122,3,0,0,10,10,0,3,3.2,337790,0,2791,0,0,0,"37",2017
"James","Tarkowski","DEF","BUR",4600000,1,101,585772,5,30,0,0,0,0,1,0,101,-1,0,0,4,11,0,1,5.1,852748,0,2790,0,0,0,"37",2017
"Andros","Townsend","MID","CRY",5600000,6,121,208062,3,48,0,2,0,0,-4,0,121,4,0,0,7,9,0,9,1.4,155725,0,3120,0,0,0,"37",2017
"Kieran","Trippier","DEF","TOT",5200000,0,113,926829,1,21,0,0,0,0,-3,0,113,3,0,0,18,9,0,7,4.8,982731,0,1912,0,0,0,"37",2017
"Antonio","Valencia","DEF","MUN",6900000,0,146,1276086,7,22,0,3,0,0,4,0,146,-4,0,0,13,16,0,1,11.7,1242004,0,2741,0,0,0,"37",2017
"Jamie","Vardy","FWD","LEI",8800000,13,183,2728318,3,57,0,20,0,0,3,0,183,-3,1,0,28,8,0,2,21.7,3438115,0,3248,0,0,0,"37",2017
"Jan","Vertonghen","DEF","TOT",6100000,0,138,689532,4,31,0,0,0,0,1,0,138,-1,0,0,13,16,0,1,10.1,780007,0,3203,0,0,0,"37",2017
"Kyle","Walker","DEF","MCI",6600000,0,138,1280445,2,22,0,0,0,0,1,0,138,-1,0,0,8,15,0,6,12.3,810212,1,2784,0,0,1,"37",2017
"Stephen","Ward","DEF","BUR",4800000,1,102,1535374,1,27,0,1,0,0,3,0,102,-3,0,0,9,9,0,1,8.5,1749307,0,2460,0,0,0,"37",2017
NA,"Willian","MID","CHE",7e+06,1,130,1958002,1,19,0,6,0,0,0,0,130,0,0,0,13,9,0,8,12.6,1740578,0,1874,0,0,0,"37",2017
"Callum","Wilson","FWD","BOU",5600000,8,102,1041094,0,33,0,8,0,0,-4,0,102,4,0,0,13,6,0,2,4.5,1273721,0,1981,0,0,0,"37",2017
"Chris","Wood","FWD","BUR",6200000,9,104,432717,1,11,0,10,0,0,-3,0,104,3,0,0,20,10,0,1,1.7,494816,0,1621,0,0,0,"37",2017
"Granit","Xhaka","MID","ARS",5100000,3,109,1106599,10,50,0,1,0,0,-4,0,109,4,0,0,3,12,0,8,7,987715,0,3259,0,0,0,"37",2017
"Wilfried","Zaha","MID","CRY",7100000,10,136,1596184,5,31,0,9,0,0,1,0,136,-1,0,0,8,10,0,7,10.6,1081802,0,2549,0,0,0,"37",2017
NA,"Zanka","DEF","HUD",4500000,1,107,668140,6,58,0,0,0,0,0,0,107,0,0,0,9,10,0,3,6.6,834036,0,3420,0,0,0,"37",2017
"Sergio","Aguero","FWD","MCI",1.2e+07,6,201,4677736,4,15,0,21,0,0,10,0,201,-10,0,0,26,17,0,11,42.7,5302762,0,2457,0,0,0,"37",2018
"Nathan","Ake","DEF","BOU",5100000,0,120,409881,3,70,0,4,0,0,1,0,120,-1,0,0,8,10,0,1,6.1,512870,0,3411,0,0,0,"37",2018
"Toby","Alderweireld","DEF","TOT",6e+06,1,107,286864,3,31,0,0,0,0,0,0,107,0,0,0,7,12,0,0,3.7,288968,1,2921,0,0,0,"37",2018
"Trent","Alexander-Arnold","DEF","LIV",5800000,15,185,2611834,3,14,0,1,0,0,8,0,185,-8,0,0,25,16,0,13,26.9,3306874,0,2460,0,0,0,"37",2018
"Marcos","Alonso","DEF","CHE",6200000,6,161,2305940,6,28,0,2,0,0,-3,0,161,3,0,0,21,14,0,8,22.1,2278311,0,2759,0,0,0,"37",2018
"Michail","Antonio","MID","WHU",6800000,13,118,142850,3,30,0,6,0,0,-2,0,118,2,0,0,6,7,0,8,1.2,129017,0,2093,0,0,0,"37",2018
"Marko","Arnautovic","FWD","WHU",6700000,6,117,2669081,3,34,0,10,0,0,-3,0,117,3,0,0,15,4,0,5,6.7,1950653,0,1988,0,0,0,"37",2018
"Pierre-Emerick","Aubameyang","FWD","ARS",10800000,13,205,3849890,0,42,0,22,0,0,-2,0,205,2,1,0,32,7,0,7,18.8,3832019,0,2722,0,0,0,"37",2018
"Cesar","Azpilicueta","DEF","CHE",6400000,6,158,773928,4,39,0,1,0,0,-1,0,158,1,0,0,11,16,0,6,9.6,460540,0,3402,0,0,0,"37",2018
"Ashley","Barnes","FWD","BUR",5600000,5,122,341956,8,41,0,12,0,0,-4,0,122,4,0,0,13,7,0,3,2.1,408046,1,2378,0,0,0,"37",2018
NA,"Bernardo Silva","MID","MCI",7800000,2,154,1870198,3,22,0,7,0,0,3,0,154,-3,0,0,17,15,0,8,13.6,2267745,0,2849,0,0,0,"37",2018
"Willy","Boly","DEF","WOL",4700000,1,120,552947,2,43,0,4,0,0,2,0,120,-2,0,0,10,8,0,0,6.1,787544,0,3168,0,0,1,"37",2018
"David","Brooks","MID","BOU",5e+06,0,123,824007,3,41,0,7,0,0,0,0,123,0,0,0,7,9,0,6,3.6,1020190,0,2263,0,0,0,"37",2018
"Victor","Camarasa","MID","CAR",4400000,0,106,391723,6,53,0,5,0,0,-1,0,106,1,0,0,5,9,0,4,2.2,513631,0,2569,0,0,0,"37",2018
"Benjamin","Chilwell","DEF","LEI",5e+06,6,118,355243,4,43,0,0,0,0,0,0,118,0,0,0,8,10,0,5,2.8,478363,0,3240,0,0,0,"37",2018
"Seamus","Coleman","DEF","EVE",5200000,0,125,250212,1,30,0,2,0,0,-3,0,125,3,0,0,12,13,0,2,1.6,178473,1,2558,0,0,0,"37",2018
NA,"David Luiz","DEF","CHE",5800000,6,164,1090033,3,36,0,3,0,0,3,0,164,-3,0,0,19,16,0,2,11.7,1470121,0,3238,0,0,0,"37",2018
NA,"David Silva","MID","MCI",8500000,9,143,1339892,2,14,0,6,0,0,0,0,143,0,0,0,14,16,0,8,4.4,1280172,0,2399,0,0,0,"37",2018
"Troy","Deeney","FWD","WAT",5800000,2,116,1049377,4,44,0,9,0,0,-2,0,116,2,0,0,13,5,0,5,3.7,1135893,0,2542,0,0,1,"37",2018
"Gerard","Deulofeu","MID","WAT",5700000,6,133,523238,3,29,0,10,0,0,2,0,133,-2,0,0,10,9,0,5,7.2,936457,0,2064,0,0,0,"37",2018
"Lucas","Digne","DEF","EVE",5400000,0,158,1184930,5,38,0,4,0,0,4,0,158,-4,0,0,22,13,0,5,10.2,1598581,1,2964,0,0,1,"37",2018
"Matt","Doherty","DEF","WOL",5300000,2,144,1445228,5,41,0,4,0,0,8,0,144,-8,0,0,12,8,0,7,21.9,2635083,1,3141,0,0,0,"37",2018
"Abdoulaye","Doucoure","MID","WAT",5800000,2,124,389927,7,56,0,5,0,0,-2,0,124,2,0,0,14,5,0,7,2.8,436048,1,3061,0,0,0,"37",2018
"Shane","Duffy","DEF","BHA",4700000,0,115,799050,4,55,0,5,0,0,2,0,115,-2,0,0,9,7,0,2,8.1,1104919,0,3087,0,0,1,"37",2018
"Christian","Eriksen","MID","TOT",9200000,7,161,1536046,3,37,0,8,0,0,-3,0,161,3,0,0,15,8,0,12,7.7,1057730,0,2770,0,0,0,"37",2018
NA,"Felipe Anderson","MID","WHU",6800000,5,155,2317355,3,49,0,9,0,0,-2,0,155,2,0,0,18,7,0,6,8.2,2547937,0,3045,0,0,0,"37",2018
"Roberto","Firmino","FWD","LIV",9300000,0,160,3107022,0,15,0,12,0,0,-2,0,160,2,0,0,24,19,0,8,14.2,1971554,0,2606,0,0,0,"37",2018
"Ryan","Fraser","MID","BOU",6400000,2,181,2658647,2,64,0,7,0,0,9,0,181,-9,0,0,23,9,0,14,23.7,3904067,0,3165,0,0,0,"37",2018
"Ilkay","Gundogan","MID","MCI",5400000,9,113,544703,3,15,0,6,0,0,-1,0,113,1,0,0,10,13,0,3,2.3,556405,0,2129,0,0,0,"37",2018
"Eden","Hazard","MID","CHE",1.1e+07,1,238,3891981,2,35,0,16,0,0,5,0,238,-5,0,0,35,12,0,15,27.2,4632672,0,2918,0,0,0,"37",2018
"Raul","Jimenez","FWD","WOL",6900000,2,181,2334634,4,40,0,13,0,0,14,0,181,-14,0,0,31,12,0,10,33.4,4114072,0,3112,0,0,0,"37",2018
NA,"Jonny","DEF","WOL",4300000,1,103,358341,6,39,0,1,0,0,-2,0,103,2,0,0,9,8,0,3,3.6,526859,0,2772,0,0,0,"37",2018
"Diogo","Jota","MID","WOL",6300000,1,139,705233,11,29,0,9,0,0,-2,0,139,2,0,0,13,10,0,8,8.5,903140,0,2352,0,0,0,"37",2018
"Harry","Kane","FWD","TOT",12600000,0,160,3378884,5,31,0,17,0,0,1,0,160,-1,0,0,24,9,0,6,12.4,2293540,0,2423,0,0,0,"37",2018
"N'Golo","Kante","MID","CHE",4900000,0,116,1582566,3,38,0,4,0,0,-1,0,116,1,0,0,3,14,0,4,15.8,1254433,0,3092,0,0,0,"37",2018
"Michael","Keane","DEF","EVE",4800000,1,129,516563,2,39,0,1,0,0,-2,0,129,2,0,0,15,13,0,2,4.3,614592,0,2970,0,0,0,"37",2018
"Joshua","King","FWD","BOU",6400000,6,141,1179193,3,57,0,12,0,0,-1,0,141,1,1,0,20,10,0,3,5.1,1054144,0,2963,0,0,0,"37",2018
"Alexandre","Lacazette","FWD","ARS",9400000,0,166,2089498,2,31,0,13,0,0,-1,0,166,1,0,0,20,6,0,12,11.4,2469730,0,2497,0,0,0,"37",2018
"Aymeric","Laporte","DEF","MCI",6300000,8,177,1473167,3,21,0,3,0,0,8,0,177,-8,0,0,16,18,0,3,16.7,2316984,0,3056,0,0,0,"37",2018
NA,"Lucas Moura","MID","TOT",6900000,2,131,2008763,3,18,0,10,0,0,-1,0,131,1,0,0,8,14,0,2,11.9,2496782,0,2115,0,0,0,"37",2018
"Romelu","Lukaku","FWD","MUN",10700000,0,115,926735,4,38,0,12,0,0,-3,0,115,3,0,0,14,4,0,1,3.9,673093,0,2126,0,0,0,"37",2018
"James","Maddison","MID","LEI",6600000,3,137,1732719,3,44,0,7,0,0,1,0,137,-1,1,0,12,8,0,7,5.2,1935920,0,2831,0,0,1,"37",2018
"Riyad","Mahrez","MID","MCI",8200000,13,102,601640,0,9,0,7,0,0,-8,0,102,8,1,0,14,4,0,4,1.7,399904,0,1331,0,0,0,"37",2018
"Sadio","Mane","MID","LIV",10300000,15,231,3318138,2,21,0,22,0,0,8,0,231,-8,0,0,24,19,0,3,38.6,4505959,0,3076,0,0,0,"37",2018
"Anthony","Martial","MID","MUN",7200000,1,122,1717773,2,25,0,10,0,0,-3,0,122,3,0,0,13,5,0,4,3.4,1821120,0,1613,0,0,0,"37",2018
"James","McArthur","MID","CRY",4900000,1,121,336224,7,49,0,3,0,0,-1,0,121,1,0,0,7,11,0,7,3.4,443232,0,3057,0,0,0,"37",2018
"Luka","Milivojevic","MID","CRY",6500000,1,166,838352,10,53,0,12,0,0,0,0,166,0,1,0,24,12,0,2,10.6,993901,0,3420,0,0,0,"37",2018
"James","Milner","MID","LIV",5600000,1,101,658856,5,13,0,5,0,0,1,0,101,-1,0,0,12,9,0,5,2.5,685169,0,1778,0,0,1,"37",2018
"Aleksandar","Mitrovic","FWD","FUL",6300000,2,134,2655887,7,78,0,11,0,0,-2,0,134,2,0,0,12,5,0,4,10.8,2802375,0,3280,0,0,0,"37",2018
NA,"Moutinho","MID","WOL",5100000,2,119,686212,4,39,0,1,0,0,-4,0,119,4,0,0,13,9,0,8,5.1,869246,0,3030,0,0,0,"37",2018
"Glenn","Murray","FWD","BHA",6100000,6,129,934557,5,45,0,13,0,0,-4,0,129,4,0,0,16,4,0,1,2.8,1027923,0,2501,0,0,0,"37",2018
NA,"Neves","MID","WOL",4900000,2,104,1620414,8,43,0,4,0,0,-1,0,104,1,0,0,7,8,0,3,10.4,1372709,0,3006,0,0,0,"37",2018
NA,"Pedro","MID","CHE",6200000,3,112,1497960,2,19,0,8,0,0,-3,0,112,3,0,0,12,7,0,2,3.3,1467084,0,1768,0,0,0,"37",2018
NA,"Pereira","DEF","LEI",5300000,9,146,1173384,7,45,0,2,0,0,3,0,146,-3,0,0,22,10,0,8,10.6,1644641,0,3123,0,0,0,"37",2018
"Roberto","Pereyra","MID","WAT",5900000,2,122,2160410,3,53,0,6,0,0,-1,0,122,1,0,0,13,6,0,4,8,2390594,0,2817,0,0,0,"37",2018
"Ayoze","Perez","FWD","NEW",6100000,7,141,250480,2,35,0,12,0,0,-4,0,141,4,0,0,19,11,0,2,3.4,294716,0,2916,0,0,0,"37",2018
"Paul","Pogba","MID","MUN",8600000,1,179,3064772,6,43,0,13,0,0,6,0,179,-6,3,0,19,8,0,10,33.7,4337070,0,3007,0,0,0,"37",2018
"Marcus","Rashford","FWD","MUN",7300000,2,128,2937207,3,35,0,10,0,0,3,0,128,-3,0,0,14,6,0,7,21.9,3539954,0,2331,0,0,1,"37",2018
"Nathan","Redmond","MID","SOU",5500000,10,137,264934,3,58,0,6,0,0,0,0,137,0,0,0,12,9,0,5,6.9,661328,0,3272,0,0,0,"37",2018
NA,"Richarlison","MID","EVE",6400000,0,153,4335260,5,36,0,13,0,0,-1,0,153,1,0,0,12,11,0,3,13.3,3990614,0,2662,0,0,1,"37",2018
"Matt","Ritchie","MID","NEW",5800000,9,110,94774,9,40,0,2,0,0,-2,0,110,2,1,0,7,10,0,8,0.6,72055,0,2927,0,0,0,"37",2018
"Andrew","Robertson","DEF","LIV",6700000,6,213,1723617,4,20,0,0,0,0,7,0,213,-7,0,0,29,21,0,12,33,2650621,0,3216,0,0,0,"37",2018
"Salomon","Rondon","FWD","NEW",5900000,6,148,855697,1,31,0,11,0,0,-1,0,148,1,0,0,20,9,0,8,7.7,1230277,0,2601,0,0,0,"37",2018
"Antonio","Rudiger","DEF","CHE",5900000,0,116,436131,7,35,0,1,0,0,-1,0,116,1,0,0,9,12,0,2,2.9,394049,0,2871,0,0,0,"37",2018
"Mohamed","Salah","MID","LIV",13200000,3,259,3752957,1,20,0,22,0,0,2,0,259,-2,0,0,18,21,0,12,33.9,2680675,0,3254,0,0,0,"37",2018
"Leroy","Sane","MID","MCI",9300000,0,156,2692386,1,14,0,10,0,0,-2,0,156,2,0,0,13,9,0,12,7.3,2344340,0,1857,0,0,0,"37",2018
"Gylfi","Sigurdsson","MID","EVE",7400000,5,182,1321959,3,41,0,13,0,0,-1,0,182,1,3,0,20,15,0,6,8.3,1666590,0,3122,0,0,0,"37",2018
"Heung-Min","Son","MID","TOT",8600000,0,159,3666211,2,23,0,12,0,0,1,0,159,-1,0,0,17,10,0,8,10.6,3824796,0,2033,0,0,1,"37",2018
"Raheem","Sterling","MID","MCI",11700000,5,234,2312172,3,19,0,17,0,0,7,0,234,-7,0,0,25,17,0,15,24.8,3644050,0,2770,0,0,0,"37",2018
"Andros","Townsend","MID","CRY",5600000,7,135,460050,1,46,0,6,0,0,-4,0,135,4,0,0,8,11,0,5,3.5,528275,0,3007,0,0,0,"37",2018
"Kieran","Trippier","DEF","TOT",6e+06,0,118,2455242,2,23,0,1,0,0,0,0,118,0,0,0,16,10,0,5,15.2,1879806,1,2275,0,0,0,"37",2018
"Patrick","van Aanholt","DEF","CRY",5500000,7,140,497531,3,46,0,3,0,0,0,0,140,0,0,0,17,12,0,2,5.7,519809,0,3196,0,0,0,"37",2018
"Virgil","van Dijk","DEF","LIV",6700000,6,208,1166867,1,22,0,4,0,0,7,0,208,-7,0,0,22,20,0,4,32.3,1851310,0,3384,0,0,0,"37",2018
"Jamie","Vardy","FWD","LEI",9e+06,2,174,1650259,3,36,0,18,0,0,0,0,174,0,1,0,31,11,0,5,10.3,1875085,0,2726,0,0,1,"37",2018
"Theo","Walcott","MID","EVE",5900000,7,101,1162607,1,33,0,5,0,0,-6,0,101,6,0,0,4,6,0,3,2.5,1132277,0,2108,0,0,0,"37",2018
"Kyle","Walker","DEF","MCI",6400000,2,150,992371,3,17,0,1,0,0,-1,0,150,1,0,0,11,18,0,1,12.1,912325,0,2776,0,0,0,"37",2018
"Aaron","Wan-Bissaka","DEF","CRY",4600000,4,120,1774373,4,47,0,0,0,0,6,0,120,-6,0,0,18,12,0,3,26.3,2461834,0,3134,0,0,1,"37",2018
"Ashley","Westwood","MID","BUR",4600000,2,111,335371,5,55,0,2,0,0,1,0,111,-1,0,0,10,7,0,8,3.1,476909,0,2821,0,0,0,"37",2018
"Georginio","Wijnaldum","MID","LIV",5500000,3,108,164452,3,16,0,3,0,0,0,0,108,0,0,0,9,18,0,1,1.4,187293,0,2723,0,0,0,"37",2018
NA,"Willian","MID","CHE",7100000,3,108,813836,2,25,0,3,0,0,-4,0,108,4,0,0,6,11,0,7,3.8,517555,0,2091,0,0,0,"37",2018
"Callum","Wilson","FWD","BOU",6900000,2,168,3614712,3,47,0,14,0,0,9,0,168,-9,1,0,22,9,0,12,20.3,4432836,0,2528,0,0,0,"37",2018
"Chris","Wood","FWD","BUR",6300000,2,131,149199,2,49,0,10,0,0,-2,0,131,2,0,0,17,7,0,3,1.4,199739,0,2580,0,0,0,"37",2018
"Wilfried","Zaha","FWD","CRY",7e+06,10,143,2462718,8,49,0,10,0,0,0,0,143,0,0,0,13,11,0,11,15.6,1665204,0,3037,0,0,1,"37",2018
"Kurt","Zouma","DEF","EVE",5e+06,1,112,91773,3,39,0,2,0,0,0,0,112,0,0,0,12,10,0,2,1,133546,0,2613,0,0,1,"37",2018
"Che","Adams","FWD","SOU",5700000,0,137,1836666,1,51,0,9,0,0,-3,0,137,3,0,0,16,7,0,7,4.1,1794717,0,2662,0,0,0,"37",2020
"Ola","Aina","DEF","FUL",4300000,0,102,260434,3,36,0,2,0,0,-2,0,102,2,0,0,8,8,0,1,2,403771,0,2664,0,0,0,"37",2020
"Trent","Alexander-Arnold","DEF","LIV",7800000,5,160,3840385,2,40,0,2,0,0,3,0,160,-3,0,5,26,10,0,8,27.1,2272992,0,3029,0,0,0,"37",2020
"Ezgjan","Alioski","DEF","LEE",4400000,2,110,399434,7,35,0,2,0,0,-1,0,110,1,0,2,7,10,0,3,3.2,593961,0,2456,0,0,0,"37",2020
"Michail","Antonio","FWD","WHU",6700000,2,118,3117861,3,25,0,10,0,0,2,0,118,-2,0,2,19,6,0,5,10.9,3250366,0,1972,0,0,0,"37",2020
"Stuart","Armstrong","MID","SOU",5500000,2,115,149062,3,56,0,4,0,0,0,0,115,0,0,2,4,8,0,7,0.5,152706,0,2764,0,0,0,"37",2020
"Pierre-Emerick","Aubameyang","MID","ARS",11300000,3,131,3870817,2,26,0,10,0,0,-7,0,131,7,0,3,11,10,0,3,7.2,1240132,1,2330,0,0,0,"37",2020
"Cesar","Azpilicueta","DEF","CHE",5800000,-2,113,871644,5,20,0,1,0,0,-2,0,113,2,0,-2,12,13,0,2,6.4,818667,0,2187,0,0,1,"37",2020
"Gareth","Bale","MID","TOT",9200000,13,113,1399144,1,12,0,11,0,0,-3,0,113,3,0,13,16,5,0,3,4.2,1717954,0,912,0,0,0,"37",2020
"Patrick","Bamford","FWD","LEE",6600000,6,194,5349803,3,50,0,17,0,0,11,0,194,-11,0,6,26,10,0,11,45.2,8141182,0,3052,0,0,0,"37",2020
"Harvey","Barnes","MID","LEI",6600000,0,126,2718610,0,25,0,9,0,0,-4,0,126,4,0,0,13,7,0,5,2.7,2581794,0,1944,0,0,0,"37",2020
"Christian","Benteke","FWD","CRY",5500000,0,106,236910,1,34,0,10,0,0,0,0,106,0,0,0,14,5,0,2,1.3,305921,0,1808,0,0,1,"37",2020
"Jarrod","Bowen","MID","WHU",5800000,6,141,876060,0,33,0,8,0,0,-7,0,141,7,0,6,8,9,0,6,2.5,916121,0,2556,0,0,0,"37",2020
"Dominic","Calvert-Lewin","FWD","EVE",7500000,2,165,7917346,3,39,0,16,0,0,5,0,165,-5,0,2,21,11,0,6,29.5,9031403,0,2871,0,0,0,"37",2020
"Joao Pedro Cavaco","Cancelo","DEF","MCI",5800000,0,138,2345577,5,21,0,2,0,0,3,0,138,-3,0,0,18,14,0,4,10.6,3025558,0,2298,0,0,1,"37",2020
"Benjamin","Chilwell","DEF","CHE",5900000,8,139,3310868,3,23,0,3,0,0,4,0,139,-4,0,8,11,12,0,6,14.6,4126264,0,2286,0,0,0,"37",2020
"Conor","Coady","DEF","WOL",4900000,1,106,959609,5,51,0,1,0,0,-1,0,106,1,0,1,7,10,0,0,6.3,798453,0,3303,0,0,0,"37",2020
"Vladimir","Coufal","DEF","WHU",4800000,10,128,731901,3,43,0,0,0,0,3,0,128,-3,0,10,12,9,0,9,8.6,1404346,0,3054,0,0,0,"37",2020
"Aaron","Cresswell","DEF","WHU",5700000,6,153,2331163,3,41,0,0,0,0,7,0,153,-7,0,6,21,11,0,11,18.2,3554519,0,3170,0,0,0,"37",2020
"Stuart","Dallas","DEF","LEE",5500000,2,171,1769387,7,53,0,8,0,0,10,0,171,-10,0,2,15,12,0,3,33.1,4057136,0,3410,0,0,0,"37",2020
"Kevin","De Bruyne","MID","MCI",11800000,13,141,6461517,1,17,0,6,0,0,3,0,141,-3,1,13,19,12,0,12,11.9,5387239,0,1995,0,0,0,"37",2020
NA,"Dias","DEF","MCI",5900000,5,142,1715366,4,21,0,1,0,0,4,0,142,-4,0,5,12,17,0,1,19.9,3169721,1,2843,0,0,0,"37",2020
"Lucas","Digne","DEF","EVE",6200000,0,120,2221875,2,42,0,0,0,0,2,0,120,-2,0,0,18,9,0,9,11.4,2355416,0,2681,0,0,1,"37",2020
"Lewis","Dunk","DEF","BHA",4800000,1,130,1271208,5,40,0,5,0,0,-2,0,130,2,0,1,17,11,0,0,5.9,1136216,1,2932,0,0,2,"37",2020
"Anwar","El Ghazi","MID","AVL",5200000,9,111,552243,2,22,0,10,0,0,-8,0,111,8,0,9,13,5,0,0,1.2,616662,0,1604,0,0,0,"37",2020
"Jonny","Evans","DEF","LEI",5600000,0,109,285961,7,31,0,2,0,0,1,0,109,-1,0,0,12,10,0,2,1.4,364144,1,2473,0,0,0,"37",2020
"Eberechi","Eze","MID","CRY",5800000,0,125,319122,3,51,0,4,0,0,-2,0,125,2,0,0,17,6,0,8,1.2,352596,0,2555,0,0,0,"37",2020
NA,"Fernandes","MID","MUN",11300000,0,244,4058471,6,36,0,18,0,0,8,0,244,-8,1,0,36,13,0,14,48.7,6424737,0,3101,0,0,0,"37",2020
"Roberto","Firmino","FWD","LIV",9100000,5,141,1209765,2,39,0,9,0,0,-4,0,141,4,0,5,15,10,0,8,5.7,1278572,0,2837,0,0,0,"37",2020
"Phil","Foden","MID","MCI",6100000,6,135,2552215,0,16,0,9,0,0,-4,0,135,4,0,6,17,6,0,8,9.8,2954662,0,1607,0,0,0,"37",2020
"Pablo","Fornals","MID","WHU",5800000,19,125,277180,3,33,0,5,0,0,-7,0,125,7,0,19,10,9,0,7,0.5,284580,0,2571,0,0,0,"37",2020
"Jack","Grealish","MID","AVL",7500000,2,135,5366064,6,28,0,6,0,0,5,0,135,-5,0,2,13,12,0,12,14.6,5460292,0,2183,0,0,0,"37",2020
"Mason","Greenwood","MID","MUN",7300000,0,106,1050079,2,23,0,7,0,0,-2,0,106,2,0,0,9,7,0,2,10.7,1377317,0,1813,0,0,0,"37",2020
"Pascal","Gro?","MID","BHA",5800000,2,116,156843,3,28,0,3,0,0,-2,0,116,2,1,2,11,10,0,8,0.4,162328,0,2479,0,0,0,"37",2020
"Ilkay","Gundogan","MID","MCI",5500000,0,157,3051539,1,16,0,13,0,0,0,0,157,0,1,0,22,12,0,4,17.1,4302689,0,2025,0,0,0,"37",2020
"Jack","Harrison","MID","LEE",5600000,5,160,810579,2,45,0,8,0,0,1,0,160,-1,0,5,15,11,0,10,7.6,1309819,0,2846,0,0,0,"37",2020
"Pierre-Emile","H?jbjerg","MID","TOT",4900000,2,107,207148,9,45,0,2,0,0,-1,0,107,1,0,2,6,12,0,4,1,190486,0,3420,0,0,0,"37",2020
"Rob","Holding","DEF","ARS",4300000,7,105,831290,2,26,0,0,0,0,-2,0,105,2,0,7,10,11,0,1,4.7,1074844,1,2557,0,0,0,"37",2020
"Kelechi","Iheanacho","FWD","LEI",6200000,2,110,955935,1,23,0,12,0,0,2,0,110,-2,1,2,18,5,0,2,19.5,2481551,0,1452,0,0,0,"37",2020
"Danny","Ings","FWD","SOU",8400000,2,131,3949010,1,40,0,12,0,0,-1,0,131,1,0,2,21,6,0,4,6.6,2753878,0,2172,0,0,0,"37",2020
"Reece","James","DEF","CHE",5100000,1,112,2311355,3,29,0,1,0,0,1,0,112,-1,0,1,15,9,0,3,6.9,2217959,0,2367,0,0,0,"37",2020
NA,"Jesus","FWD","MCI",9100000,6,115,1048709,2,17,0,9,0,0,-4,0,115,4,0,6,16,11,0,5,2.5,1066742,0,2056,0,0,0,"37",2020
NA,"Jorginho","MID","CHE",4700000,0,114,1568248,2,17,0,7,0,0,-3,0,114,3,2,0,15,14,0,2,4.7,1607580,0,2006,0,0,0,"37",2020
"James","Justin","DEF","LEI",4800000,0,101,3438570,4,25,0,2,0,0,3,0,101,-3,0,0,13,9,0,2,6.1,2916788,0,2070,0,0,0,"37",2020
"Harry","Kane","FWD","TOT",11900000,10,242,6160268,1,39,0,23,0,0,14,0,242,-14,0,10,40,12,0,14,44.5,8181197,0,3083,0,0,0,"37",2020
"Michael","Keane","DEF","EVE",5e+06,0,127,924625,4,43,0,3,0,0,0,0,127,0,0,0,13,11,0,1,6.3,1208273,0,2989,0,0,0,"37",2020
NA,"Konsa","DEF","AVL",4600000,2,119,1059500,3,46,0,2,0,0,1,0,119,-1,0,2,8,12,0,0,6.2,1426216,0,3195,0,0,0,"37",2020
"Alexandre","Lacazette","FWD","ARS",8400000,1,129,1961260,3,21,0,13,0,0,-1,0,129,1,0,1,21,7,0,3,4.3,1923218,0,1916,0,0,0,"37",2020
"Victor","Lindelof","DEF","MUN",4800000,0,102,273777,0,30,0,1,0,0,-2,0,102,2,0,0,3,10,0,1,1.9,271250,0,2585,0,0,0,"37",2020
"Jesse","Lingard","MID","WHU",6600000,3,106,920521,3,19,0,9,0,0,6,0,106,-6,1,3,15,4,0,5,29.6,3276996,0,1423,0,0,0,"37",2020
"Ademola","Lookman","MID","FUL",4700000,2,107,535035,5,33,0,4,0,0,-3,0,107,3,1,2,8,10,0,4,1.3,624543,0,2746,0,0,0,"37",2020
"Matthew","Lowton","DEF","BUR",4400000,2,103,364517,5,47,0,1,0,0,-1,0,103,1,0,2,6,10,0,1,2.5,547303,0,3060,0,0,0,"37",2020
"James","Maddison","MID","LEI",7200000,2,133,2509196,4,28,0,8,0,0,2,0,133,-2,0,2,12,10,0,7,5.5,2715551,0,2093,0,0,0,"37",2020
"Harry","Maguire","DEF","MUN",5500000,0,124,848747,11,36,0,2,0,0,0,0,124,0,0,0,8,13,0,2,4.3,830414,0,3047,0,0,0,"37",2020
"Riyad","Mahrez","MID","MCI",8100000,6,145,2242060,0,22,0,9,0,0,-4,0,145,4,0,6,15,11,0,8,6.4,2524433,0,1945,0,0,0,"37",2020
"Sadio","Mane","MID","LIV",11800000,16,176,2364727,3,28,0,11,0,0,-2,0,176,2,0,16,14,12,0,11,8.2,2013619,0,2808,0,0,0,"37",2020
"Neal","Maupay","FWD","BHA",5800000,0,105,1143884,1,34,0,8,0,0,-7,0,105,7,1,0,12,10,0,2,2.1,1115266,0,2508,0,0,1,"37",2020
"John","McGinn","MID","AVL",5500000,1,114,353403,12,46,0,3,0,0,0,0,114,0,0,1,2,14,0,7,1.1,375366,0,3330,0,0,0,"37",2020
"Dwight","McNeil","MID","BUR",5700000,2,113,104671,1,50,0,2,0,0,-3,0,113,3,0,2,8,11,0,5,0.5,80860,0,3068,0,0,0,"37",2020
"Ben","Mee","DEF","BUR",4700000,0,102,599085,3,41,0,2,0,0,-3,0,102,3,0,0,7,10,0,0,2.9,784895,0,2693,0,0,0,"37",2020
"Tyrone","Mings","DEF","AVL",5400000,2,128,1349321,4,42,0,2,0,0,4,0,128,-4,0,2,8,14,0,2,7.8,1697898,1,3194,0,0,1,"37",2020
"Mason","Mount","MID","CHE",7300000,2,147,2037325,2,32,0,6,0,0,3,0,147,-3,0,2,16,14,0,7,17.3,2764000,0,2887,0,0,0,"37",2020
NA,"Neto","MID","WOL",5500000,0,124,2155321,4,38,0,5,0,0,0,0,124,0,0,0,10,9,0,8,3.7,2326554,0,2549,0,0,0,"37",2020
NA,"Neves","MID","WOL",5100000,2,104,314057,8,42,0,5,0,0,-4,0,104,4,0,2,10,8,0,1,1.4,223634,0,2670,0,0,0,"37",2020
"Nicolas","Pepe","MID","ARS",7700000,16,114,262799,1,21,0,10,0,0,-3,0,114,3,0,16,11,4,0,3,2.4,284328,0,1606,0,0,1,"37",2020
"Matheus","Pereira","MID","WBA",5400000,0,153,873305,2,58,0,11,0,0,-6,0,153,6,0,0,15,6,0,7,5,1046994,0,2574,0,0,1,"37",2020
NA,"Raphinha","MID","LEE",5600000,5,133,1621868,3,34,0,6,0,0,1,0,133,-1,0,5,11,9,0,10,9.4,2353465,0,2358,0,0,0,"37",2020
"Marcus","Rashford","MID","MUN",9600000,0,174,2780899,4,39,0,11,0,0,1,0,174,-1,0,0,9,12,0,11,10.2,3131786,0,2917,0,0,0,"37",2020
NA,"Richarlison","FWD","EVE",7700000,1,123,1969328,4,38,0,7,0,0,-3,0,123,3,0,1,18,11,0,6,7.1,1760049,0,2862,0,0,1,"37",2020
"Andrew","Robertson","DEF","LIV",7300000,8,161,2484827,2,42,0,1,0,0,3,0,161,-3,0,8,19,12,0,8,16.5,2667908,0,3384,0,0,0,"37",2020
"James","Rodriguez","MID","EVE",7700000,0,101,4212199,4,27,0,6,0,0,2,0,101,-2,0,0,11,5,0,5,7.8,3807180,0,1763,0,0,0,"37",2020
"Bukayo","Saka","MID","ARS",5100000,1,114,1914134,1,31,0,5,0,0,-4,0,114,4,0,1,8,8,0,5,7.2,1921453,1,2554,0,0,0,"37",2020
"Mohamed","Salah","MID","LIV",12900000,6,231,5825059,0,41,0,22,0,0,9,0,231,-9,0,6,21,11,0,6,43.6,6642020,0,3077,0,0,0,"37",2020
NA,"Semedo","DEF","WOL",5100000,8,109,491045,5,45,0,1,0,0,-4,0,109,4,0,8,11,9,0,3,2.9,646076,1,2983,0,0,0,"37",2020
"Luke","Shaw","DEF","MUN",5500000,0,124,846587,8,33,0,1,0,0,5,0,124,-5,0,0,22,10,0,5,17.3,2095769,1,2653,0,0,0,"37",2020
"Gylfi","Sigurdsson","MID","EVE",6800000,-1,122,467711,2,29,0,6,0,0,-2,0,122,2,1,-1,13,10,0,5,2.9,568764,0,2244,0,0,0,"37",2020
"Heung-Min","Son","MID","TOT",9600000,5,228,7907511,0,36,0,17,0,0,6,0,228,-6,0,5,26,13,0,11,44.2,8948988,0,3119,0,0,0,"37",2020
"Tomas","Soucek","MID","WHU",5200000,3,147,2532815,7,47,0,10,0,0,2,0,147,-2,0,3,16,11,0,2,11.2,3009936,1,3420,0,0,1,"37",2020
"Raheem","Sterling","MID","MCI",10900000,5,154,2456429,4,23,0,10,0,0,-6,0,154,6,1,5,10,14,0,9,4.3,2471153,0,2534,0,0,0,"37",2020
"John","Stones","DEF","MCI",5100000,6,128,2135003,0,12,0,4,0,0,1,0,128,-1,0,6,11,14,0,0,9.7,2788702,0,1933,0,0,1,"37",2020
"Matt","Targett","DEF","AVL",5e+06,5,138,997089,7,44,0,0,0,0,5,0,138,-5,0,5,9,16,0,4,12,1849292,0,3404,0,0,0,"37",2020
"James","Tarkowski","DEF","BUR",5300000,2,109,492488,6,50,0,1,0,0,-2,0,109,2,0,2,9,11,0,0,3,321901,0,3240,0,0,0,"37",2020
"Youri","Tielemans","MID","LEI",6400000,2,133,679929,6,50,0,6,0,0,-1,0,133,1,0,2,11,11,0,4,3.8,774692,0,3356,0,0,0,"37",2020
"Bertrand","Traore","MID","AVL",5800000,13,135,219181,1,31,0,7,0,0,-2,0,135,2,0,13,7,11,0,7,0.7,263308,0,2315,0,0,0,"37",2020
"Leandro","Trossard","MID","BHA",5500000,1,132,595206,2,30,0,5,0,0,-5,0,132,5,0,1,15,12,0,6,1.8,672806,0,2602,0,0,0,"37",2020
"Jamie","Vardy","FWD","LEI",10200000,13,187,5485123,1,44,0,15,0,0,2,0,187,-2,1,13,23,8,0,14,17.5,5184449,0,2838,0,0,0,"37",2020
"Aaron","Wan-Bissaka","DEF","MUN",5800000,0,144,1654399,3,36,0,2,0,0,3,0,144,-3,0,0,11,13,0,5,18.8,2195016,0,3060,0,0,0,"37",2020
"James","Ward-Prowse","MID","SOU",5900000,2,156,2591707,5,68,0,8,0,0,-1,0,156,1,1,2,17,9,0,7,11.7,3148829,0,3420,0,0,0,"37",2020
"Ollie","Watkins","FWD","AVL",6300000,2,168,3049913,2,46,0,14,0,0,3,0,168,-3,1,2,18,14,0,9,22.1,4635254,0,3328,0,0,1,"37",2020
"Timo","Werner","FWD","CHE",9200000,1,128,4521382,2,29,0,6,0,0,-3,0,128,3,0,1,7,13,0,12,10.8,2079800,0,2598,0,0,0,"37",2020
"Ashley","Westwood","MID","BUR",5300000,2,112,119930,7,55,0,3,0,0,-2,0,112,2,0,2,5,11,0,4,0.7,107366,0,3410,0,0,0,"37",2020
"Ben","White","DEF","BHA",4500000,1,104,297599,3,44,0,0,0,0,0,0,104,0,0,1,5,12,0,0,1.9,321865,0,3192,0,0,1,"37",2020
"Callum","Wilson","FWD","NEW",6500000,0,134,4504514,2,37,0,12,0,0,0,0,134,0,0,0,22,5,0,6,5.1,4097548,0,2081,0,0,0,"37",2020
"Chris","Wood","FWD","BUR",6600000,2,138,555458,0,43,0,12,0,0,1,0,138,-1,0,2,16,9,0,3,5.6,834276,0,2741,0,0,0,"37",2020
"Wilfried","Zaha","MID","CRY",7100000,2,136,4470186,6,52,0,11,0,0,1,0,136,-1,0,2,11,6,0,4,9.9,4315189,0,2612,0,0,0,"37",2020
"Kurt","Zouma","DEF","CHE",5300000,0,108,2248361,3,25,0,5,0,0,3,0,108,-3,0,0,6,9,0,0,8,2559577,0,2027,0,0,0,"37",2020
"Che","Adams","FWD","SOU",6500000,1,103,1033747,0,40,0,7,0,0,-5,0,103,5,0,0,11,5,0,4,2.6,1093888,0,2034,0,0,0,"37",2021
"Trent","Alexander-Arnold","DEF","LIV",8400000,2,208,3985324,2,22,0,2,0,0,9,0,208,-9,0,0,32,18,0,12,37.9,4467728,0,2853,0,0,0,"37",2021
"Marcos","Alonso","DEF","CHE",5700000,0,128,3196283,8,22,0,4,0,0,2,0,128,-2,0,0,14,9,0,5,15.3,4009140,0,2164,0,0,0,"37",2021
"Joachim","Andersen","DEF","CRY",4700000,9,124,152589,4,37,0,0,0,0,2,0,124,-2,0,0,14,12,0,4,2.7,352240,1,2914,0,0,0,"37",2021
"Michail","Antonio","FWD","WHU",7300000,7,140,7847889,6,43,0,10,0,0,-2,0,140,2,1,0,14,7,0,10,24.3,7618487,0,2975,0,0,1,"37",2021
"Harvey","Barnes","MID","LEI",6500000,6,137,1313969,2,30,0,6,0,0,-5,0,137,5,0,0,10,8,0,12,4.2,714022,0,2095,0,0,0,"37",2021
"Said","Benrahma","MID","WHU",5900000,0,138,4288183,0,27,0,8,0,0,-1,0,138,1,0,0,15,9,0,6,10.7,4289826,0,2162,0,0,0,"37",2021
NA,"Bernardo","MID","MCI",7e+06,2,155,3450935,6,23,0,8,0,0,0,0,155,0,0,0,15,16,0,8,14,4431646,0,2856,0,0,0,"37",2021
"Jarrod","Bowen","MID","WHU",6900000,2,206,3652007,6,46,0,12,0,0,4,0,206,-4,0,0,24,8,0,17,15,4802662,0,2987,0,0,0,"37",2021
NA,"Buendia","MID","AVL",6100000,2,107,553313,1,32,0,4,0,0,-4,0,107,4,0,0,8,7,0,6,1.3,245664,0,1887,0,0,0,"37",2021
"Joao Pedro Cavaco","Cancelo","DEF","MCI",7200000,1,201,2892649,7,25,0,1,0,0,12,0,201,-12,0,0,27,19,0,11,41.4,5714818,0,3227,0,0,0,"37",2021
"Matthew","Cash","DEF","AVL",5300000,7,147,1193273,8,50,0,4,0,0,3,0,147,-3,0,0,11,13,0,3,11.5,2025221,0,3377,0,0,0,"37",2021
"Conor","Coady","DEF","WOL",4700000,1,138,1635017,4,43,0,4,0,0,2,0,138,-2,0,0,10,11,0,0,13.4,2263674,0,3361,0,0,0,"37",2021
"Maxwel","Cornet","MID","BUR",5800000,9,104,569245,2,24,0,9,0,0,-2,0,104,2,1,0,9,5,0,2,0.8,620482,0,1764,0,0,0,"37",2021
"Aaron","Cresswell","DEF","WHU",5400000,1,115,1977338,3,38,0,2,0,0,-1,0,115,1,0,0,17,7,0,4,7.9,1231696,0,2726,0,0,0,"37",2021
"Marc","Cucurella","DEF","BHA",4900000,2,126,567343,6,39,0,1,0,0,-1,0,126,1,0,0,21,11,0,1,4.1,902819,0,3089,0,0,0,"37",2021
"Ben","Davies","DEF","TOT",4500000,6,105,279419,6,30,0,1,0,0,0,0,105,0,0,0,3,12,0,2,3.1,521494,0,2537,0,0,0,"37",2021
"Kevin","De Bruyne","MID","MCI",12100000,6,196,2123075,2,22,0,15,0,0,1,0,196,-1,0,0,33,13,0,8,18.6,3527855,0,2196,0,0,0,"37",2021
"Emmanuel","Dennis","FWD","WAT",5800000,0,134,5110737,7,60,0,10,0,0,8,0,134,-8,0,0,21,3,0,7,20,6588914,0,2579,0,0,1,"37",2021
NA,"Dias","DEF","MCI",6200000,0,141,3554820,5,18,0,2,0,0,2,0,141,-2,0,0,12,14,0,5,15.5,2625667,0,2401,0,0,0,"37",2021
"Eric","Dier","DEF","TOT",4700000,6,132,1288484,1,30,0,0,0,0,2,0,132,-2,0,0,7,16,0,1,6.5,1598682,1,3071,0,0,0,"37",2021
NA,"Emerson Royal","DEF","TOT",4600000,6,102,335375,5,26,0,1,0,0,-4,0,102,4,0,0,8,10,0,1,2.5,548967,0,2282,0,0,0,"37",2021
NA,"Fernandes","MID","MUN",11600000,1,151,5596231,10,54,0,10,0,0,-4,0,151,4,2,0,15,8,0,7,13.5,2639954,0,3110,0,0,0,"37",2021
"Phil","Foden","MID","MCI",7900000,2,137,2470123,1,16,0,9,0,0,-1,0,137,1,0,0,11,13,0,6,7.6,2916929,0,2125,0,0,0,"37",2021
"Pablo","Fornals","MID","WHU",5900000,2,117,590788,4,38,0,6,0,0,-1,0,117,1,0,0,5,8,0,4,1.3,617175,0,2795,0,0,0,"37",2021
NA,"Gabriel","DEF","ARS",5300000,8,146,1014553,6,38,0,5,0,0,3,0,146,-3,0,0,16,13,0,0,7.4,1601760,0,3063,0,0,1,"37",2021
"Conor","Gallagher","MID","CRY",6e+06,3,140,3852922,10,38,0,8,0,0,5,0,140,-5,0,0,16,11,0,6,11.2,4656284,0,2843,0,0,0,"37",2021
"Demarai","Gray","MID","EVE",5400000,2,106,2920714,3,39,0,5,0,0,-1,0,106,1,0,0,3,6,0,5,5.2,3188458,0,2336,0,0,0,"37",2021
"Marc","Guehi","DEF","CRY",4500000,0,123,276706,4,43,0,2,0,0,0,0,123,0,0,0,8,11,0,1,2,416457,0,3222,0,0,0,"37",2021
"Ilkay","Gundogan","MID","MCI",7100000,14,124,1198893,1,10,0,8,0,0,-4,0,124,4,0,0,10,14,0,5,2.6,735419,0,1851,0,0,0,"37",2021
"Jack","Harrison","MID","LEE",5500000,10,117,545835,3,68,0,8,0,0,-5,0,117,5,0,0,12,3,0,1,1.5,323438,0,2638,0,0,0,"37",2021
"Kai","Havertz","MID","CHE",7900000,7,112,2224577,3,18,0,8,0,0,-6,0,112,6,0,0,5,10,0,4,5.8,1767599,0,1802,0,0,0,"37",2021
"Jordan","Henderson","MID","LIV",4900000,2,110,448376,3,22,0,2,0,0,-1,0,110,1,0,0,9,15,0,5,1.8,504006,0,2592,0,0,0,"37",2021
"Rico","Henry","DEF","BRE",4500000,2,108,276061,2,41,0,3,0,0,0,0,108,0,0,0,4,9,0,0,1.2,303575,0,2775,0,0,0,"37",2021
"Pierre-Emile","H?jbjerg","MID","TOT",4800000,3,109,709395,3,34,0,2,0,0,-2,0,109,2,0,0,6,16,0,3,2.6,673058,0,3196,0,0,0,"37",2021
"Danny","Ings","FWD","AVL",7700000,1,106,3904674,4,26,0,7,0,0,-3,0,106,3,0,0,12,10,0,6,9.3,1796002,0,1891,0,0,0,"37",2021
"Reece","James","DEF","CHE",6500000,7,141,4598122,4,22,0,5,0,0,10,0,141,-10,0,0,26,7,0,9,19.1,5506522,1,1863,0,0,1,"37",2021
"Pontus","Jansson","DEF","BRE",4500000,1,122,1107054,7,56,0,3,0,0,0,0,122,0,0,0,13,8,0,4,7,1557057,0,3321,0,0,0,"37",2021
NA,"Jesus","FWD","MCI",8600000,2,120,2505302,1,15,0,8,0,0,1,0,120,-1,0,0,16,11,0,8,10.2,2985403,0,1871,0,0,0,"37",2021
"Raul","Jimenez","FWD","WOL",7500000,5,101,3027938,5,32,0,6,0,0,0,0,101,0,0,0,11,11,0,5,4.2,3042843,0,2630,0,0,2,"37",2021
NA,"Jorginho","MID","CHE",5700000,0,106,1070231,5,16,0,6,0,0,-3,0,106,3,1,0,11,12,0,2,3.9,910993,0,2271,0,0,0,"37",2021
"Diogo","Jota","MID","LIV",8300000,1,175,6115344,3,19,0,15,0,0,8,0,175,-8,0,0,8,14,0,7,17.3,6551305,0,2357,0,0,0,"37",2021
"Harry","Kane","FWD","TOT",12500000,10,192,3536480,5,40,0,17,0,0,0,0,192,0,0,0,23,14,0,11,23.4,4493587,0,3231,0,0,0,"37",2021
"Michael","Keane","DEF","EVE",4600000,0,102,685603,2,54,0,3,0,0,-4,0,102,4,0,0,11,8,0,2,2.7,670104,2,2791,0,0,1,"37",2021
"Max","Kilman","DEF","WOL",4500000,0,106,490622,3,25,0,1,0,0,0,0,106,0,0,0,5,10,0,1,1.3,575476,0,2688,0,0,0,"37",2021
"Aymeric","Laporte","DEF","MCI",6e+06,1,160,1487557,5,24,0,4,0,0,5,0,160,-5,0,0,8,18,0,2,11,2202388,0,2830,0,0,1,"37",2021
"James","Maddison","MID","LEI",6900000,13,181,2992096,3,41,0,12,0,0,-1,0,181,1,0,0,24,5,0,11,16.3,3524725,0,2454,0,0,0,"37",2021
"Riyad","Mahrez","MID","MCI",8600000,1,135,1441796,0,14,0,11,0,0,-4,0,135,4,1,0,12,7,0,7,4,1106374,0,1485,0,0,0,"37",2021
"Sadio","Mane","MID","LIV",11800000,9,183,1077273,5,24,0,16,0,0,-2,0,183,2,0,0,10,17,0,5,4.8,1111702,0,2818,0,0,0,"37",2021
NA,"Martinelli","MID","ARS",5300000,12,110,1158855,1,25,0,6,0,0,-2,0,110,2,0,0,6,7,0,7,3.1,1425921,0,1855,0,0,1,"37",2021
"Joel","Matip","DEF","LIV",5300000,7,170,769424,2,21,0,3,0,0,3,0,170,-3,0,0,20,17,0,3,10.1,1554279,0,2790,0,0,0,"37",2021
"Bryan","Mbeumo","MID","BRE",5200000,2,119,783204,4,47,0,4,0,0,-3,0,119,3,0,0,6,9,0,7,1.9,843273,0,2905,0,0,0,"37",2021
"John","McGinn","MID","AVL",5600000,2,110,356112,8,48,0,3,0,0,-4,0,110,4,0,0,12,10,0,4,1.1,347733,0,3090,0,0,0,"37",2021
"Tyrone","Mings","DEF","AVL",5e+06,0,118,1243549,11,49,0,1,0,0,0,0,118,0,0,0,12,11,0,4,6.9,1115956,0,3188,0,0,0,"37",2021
"Tyrick","Mitchell","DEF","CRY",4500000,6,109,262305,1,43,0,0,0,0,0,0,109,0,0,0,6,10,0,2,1.4,326055,0,3101,0,0,0,"37",2021
"Mason","Mount","MID","CHE",7700000,2,169,4986661,4,25,0,11,0,0,2,0,169,-2,0,0,16,11,0,11,21.9,5186908,0,2358,0,0,0,"37",2021
"Christian","N?rgaard","MID","BRE",5e+06,0,101,209171,8,51,0,3,0,0,0,0,101,0,0,0,5,8,0,4,0.6,212491,0,3054,0,0,0,"37",2021
"Martin","?degaard","MID","ARS",5600000,8,131,1121518,4,39,0,7,0,0,1,0,131,-1,0,0,9,11,0,4,6,1592680,0,2782,0,0,0,"37",2021
"Teemu","Pukki","FWD","NOR",6100000,2,142,1703648,4,79,0,11,0,0,1,0,142,-1,0,0,19,6,0,3,9.6,1980603,0,3253,0,0,0,"37",2021
"Jacob","Ramsey","MID","AVL",4700000,2,109,1224264,6,35,0,6,0,0,2,0,109,-2,0,0,9,12,0,1,4.9,1608958,0,2465,0,0,0,"37",2021
NA,"Raphinha","MID","LEE",6300000,9,145,4412647,7,68,0,11,0,0,-2,0,145,2,0,0,14,5,0,4,11.6,3973218,0,2916,0,0,0,"37",2021
"Sergio","Reguilon","DEF","TOT",5e+06,0,104,3182553,4,25,0,2,0,0,0,0,104,0,0,0,9,9,0,4,7.2,3340792,0,1914,0,0,0,"37",2021
NA,"Richarlison","FWD","EVE",7600000,0,125,2330597,9,46,0,10,0,0,1,0,125,-1,0,0,19,7,0,6,12.3,2445134,0,2522,0,0,0,"37",2021
"Andrew","Robertson","DEF","LIV",7300000,9,186,1082491,5,20,0,3,0,0,3,0,186,-3,0,0,23,17,0,11,11.6,1938795,0,2537,0,0,1,"37",2021
NA,"Rodrigo","MID","MCI",5500000,9,127,228706,5,22,0,7,0,0,0,0,127,0,0,0,9,17,0,2,1.9,327824,0,2884,0,0,0,"37",2021
NA,"Ronaldo","FWD","MUN",12200000,0,159,6056855,8,41,0,18,0,0,-3,0,159,3,0,0,29,8,0,3,18.1,7045959,0,2454,0,0,0,"37",2021
"Antonio","Rudiger","DEF","CHE",6100000,9,150,3653421,9,27,0,3,0,0,6,0,150,-6,0,0,10,15,0,3,18.8,4451212,0,3035,0,0,0,"37",2021
"Allan","Saint-Maximin","FWD","NEW",6700000,5,116,3405914,6,54,0,5,0,0,2,0,116,-2,0,0,15,9,0,7,10.9,3775491,0,2804,0,0,0,"37",2021
"Romain","Saiss","DEF","WOL",4800000,0,109,753395,6,30,0,2,0,0,-2,0,109,2,0,0,6,11,0,0,2.1,862203,0,2706,0,0,0,"37",2021
"Bukayo","Saka","MID","ARS",6700000,5,179,3762118,6,39,0,11,0,0,2,0,179,-2,0,0,18,13,0,9,28.8,5143893,0,2978,0,0,0,"37",2021
"Mohamed","Salah","MID","LIV",13100000,6,265,7654781,1,22,0,23,0,0,6,0,265,-6,1,0,29,17,0,14,41,6539682,0,2758,0,0,0,"37",2021
"Emile","Smith Rowe","MID","ARS",5700000,0,125,3748602,1,28,0,10,0,0,2,0,125,-2,0,0,9,8,0,2,10,3951517,0,1909,0,0,0,"37",2021
"Heung-Min","Son","MID","TOT",11200000,12,258,5720170,2,30,0,23,0,0,12,0,258,-12,0,0,27,18,0,10,35.6,7099486,0,3009,0,0,0,"37",2021
"Tomas","Soucek","MID","WHU",5700000,1,114,961615,3,46,0,5,0,0,-3,0,114,3,0,0,14,6,0,1,3.4,405482,0,3061,0,0,0,"37",2021
"Raheem","Sterling","MID","MCI",10500000,4,163,834017,1,17,0,13,0,0,-5,0,163,5,1,0,15,13,0,7,2.6,785692,0,2121,0,0,0,"37",2021
"Matt","Targett","DEF","NEW",4700000,3,101,888670,3,47,0,1,0,0,-3,0,101,3,0,0,7,9,0,2,2.8,438959,1,2871,0,0,0,"37",2021
NA,"Thiago Silva","DEF","CHE",5600000,2,130,1023523,2,28,0,3,0,0,1,0,130,-1,0,0,14,11,0,1,7.9,1344324,0,2649,0,0,0,"37",2021
"Youri","Tielemans","MID","LEI",6400000,2,120,1194917,3,42,0,6,0,0,-1,0,120,1,0,0,14,6,0,4,3.5,1004798,0,2629,0,0,0,"37",2021
"Kieran","Tierney","DEF","ARS",4900000,0,106,2258262,0,21,0,1,0,0,-1,0,106,1,0,0,11,11,0,3,4.7,2015908,0,1916,0,0,0,"37",2021
"Ivan","Toney","FWD","BRE",6900000,1,139,4651860,8,47,0,12,0,0,4,0,139,-4,0,0,19,8,0,5,18.8,4035001,0,2908,0,0,0,"37",2021
"Leandro","Trossard","MID","BHA",5900000,0,141,755335,2,33,0,8,0,0,-6,0,141,6,0,0,16,11,0,4,2.8,876755,0,2803,0,0,0,"37",2021
"Virgil","van Dijk","DEF","LIV",6800000,0,183,2061419,3,21,0,3,0,0,3,0,183,-3,0,0,13,21,0,3,17.8,2203398,0,3060,0,0,0,"37",2021
"Jamie","Vardy","FWD","LEI",10300000,10,133,4286672,2,27,0,15,0,0,-2,0,133,2,0,0,24,4,0,3,12,3896763,1,1801,0,0,0,"37",2021
"James","Ward-Prowse","MID","SOU",6400000,7,159,1290848,3,65,0,10,0,0,-1,0,159,1,0,0,21,7,0,5,5.3,1395323,0,3215,0,0,1,"37",2021
"Ollie","Watkins","FWD","AVL",7500000,5,131,3056403,7,48,0,11,0,0,0,0,131,0,0,0,17,10,0,3,9.1,3499976,0,2950,0,0,0,"37",2021
"Ben","White","DEF","ARS",4600000,0,107,2576098,3,35,0,0,0,0,1,0,107,-1,0,0,9,13,0,0,12.4,1839917,1,2880,0,0,0,"37",2021
"Wilfried","Zaha","MID","CRY",6900000,9,150,1569368,4,34,0,14,0,0,-1,0,150,1,2,0,11,11,0,2,8.5,1716571,0,2759,0,0,1,"37",2021
